Tijdstempel,Kolom 2,Title,URL,Description,Category
29-12-2025 8:31:11,,1,2,3,Paleopathology
29-12-2025 8:40:48,,Animal model and neurobiology of suicide,https://pubmed.ncbi.nlm.nih.gov/21354241/,"When modeling suicidal behavior in the animal, the greatest challenge is reproducing the role of will and intention in suicide mechanics. To overcome this limitation, current investigations on animals focus on every single step leading to suicide in humans. The most promising endophenotypes worth investigating in animals are the cortisol social-stress response and the aggression/impulsivity trait, involving the serotonergic system. Astroglia, neurotrophic factors and neurotrophins are implied in suicide, too. ",Animal Suïcide
29-12-2025 8:46:49,,Correlates of meal skipping in young adults: a systematic review,https://pubmed.ncbi.nlm.nih.gov/27905981/,"This review is the first to examine potential correlates of meal skipping in young adults. Lack of time was consistently reported as an important correlate of meal skipping, compared with correlates such as cost and weight control, while sex was the most commonly reported associated correlate. Breakfast skipping was more common among men while lunch or dinner skipping being more common among women.",IF and Meal Skipping
29-12-2025 8:47:35,,"Intermittent Fasting: Myths, Fakes and Truth on This Dietary Regimen Approach",https://pmc.ncbi.nlm.nih.gov/articles/PMC11241639/,"However, is it effective? In this review article, we analyzed over 50 clinical studies in which IF, conducted by alternate day fasting (ADF) or time-restricted feeding (TRF), was compared with the caloric restriction approach. We evaluated the different roles of IF in treating and preventing human disorders such as metabolic syndrome, type II diabetes, and some types of cancer, as well as the usefulness of IF in reducing body weight and cardiovascular risk factors such as hypertension. Furthermore, we explored the cellular pathways targeted by IF to exert their beneficial effects by activating effector proteins that modulate cell functions and resistance to oxidative stress.",IF and Meal Skipping
29-12-2025 11:46:39,,"Drug Addiction, Dysregulation of Reward, and Allostasis",https://www.nature.com/articles/1395603,This paper reviews recent developments in the neurocircuitry and neurobiology of addiction from a perspective of allostasis. The view that addiction is the pathology that results from an allostatic mechanism using the circuits established for natural rewards provides a realistic approach to identifying the neurobiological factors that produce vulnerability to addiction and relapse.,Neurology and Neuroscience
29-12-2025 13:35:15,,P-tau217 Blood Test Can Identify Preclinical AD in Asymptomatic Patients,https://www.medscape.com/viewarticle/p-tau217-blood-test-can-identify-preclinical-ad-asymptomatic-2025a1000zf2?ecd=WNL_mdpls_251226_mscpedit_neur_etid7989090&uac=549758MT&spon=26&impID=7989090,"Plasma measures of phosphorylated tau217 (p-tau217) can accurately identify individuals in the preclinical stage of Alzheimer’s disease (AD), a new meta-analysis showed.",Neurology and Neuroscience
4-1-2026 22:23:58,,Hope for Huntington’s With Possible Breakthrough Gene Therapy,https://www.medscape.com/viewarticle/hope-huntingtons-possible-breakthrough-gene-therapy-2025a1000zqb?ecd=WNL_mdpls_260102_mscpedit_neur_etid8004162&uac=549758MT&spon=26&impID=8004162,AMT-130,Neurology and Neuroscience
4-1-2026 22:24:17,,Long-Term Tofersen in SOD1 Amyotrophic Lateral Sclerosis,https://jamanetwork.com/journals/jamaneurology/fullarticle/2843130,"Question  What are the long-term effects of early-start and placebo/delayed-start tofersen treatment in adults with SOD1 amyotrophic lateral sclerosis (ALS)?

Findings  This integrated analysis of the phase 3, randomized, double-blind, placebo-controlled VALOR study and its open-label extension (OLE) found that participants with earlier initiation of tofersen exhibited numerically less decline in function, strength, and risk of death-equivalent events than participants in the placebo/delayed-start group (tofersen initiated approximately 6 months later), consistent with a slowing of disease progression. No new safety concerns were identified with long-term exposure to tofersen.

Meaning  Final data from VALOR and its OLE demonstrated the benefit of tofersen treatment for adults with SOD1-ALS and provide a clear rationale for starting therapy in this population.",Neurology and Neuroscience
4-1-2026 22:24:54,,"ALS Drug Tofersen Linked to Longer Survival, Strength Gains",https://www.medscape.com/viewarticle/als-drug-tofersen-linked-longer-survival-strength-gains-2025a10010p2?ecd=WNL_mdpls_260102_mscpedit_neur_etid8004162&uac=549758MT&spon=26&impID=8004162,"For adults with amyotrophic lateral sclerosis (ALS) caused by mutations in the superoxide dismutase 1 (SOD1) gene, long-term treatment with tofersen (Qalsody, Biogen) was associated with slowed disease progression, longer survival, and improved muscle strength in some patients, final data from the VALOR study and its open-label extension (OLE) show.",Neurology and Neuroscience
5-1-2026 7:42:56,,How to Communicate Medical Numbers,https://jamanetwork.com/journals/jama/fullarticle/2839303?guestAccessKey=03840ed9-55ed-4768-9a94-b454da6cf525&utm_source=linkedin_company&utm_medium=social_jama&utm_term=19189082020&utm_campaign=article_alert&linkId=894864066,"Health care professionals often use numbers to guide decisions, monitor patient health, and communicate information. Although nonnumeric conversations may be recommended for some situations (eg, many cancer screening decisions),1 providing numerical information, especially when requested by patients, may be helpful in shared decision-making.",Neurology and Neuroscience
15-1-2026 20:45:17,,Adrenochrome and psychiatry,https://www.wikiwand.com/nl/articles/Adrenochroom,"In wat ze de ""adrenochroomhypothese"" noemden, speculeerden ze dat megadoses vitamine C en niacine (sterke reductoren) schizofrenie zou kunnen genezen door het adrenochroom in de hersenen te verminderen. ",Neurology and Neuroscience
17-1-2026 11:00:30,,Brain Charts for The human Lifespan (Nature 2022),https://www.nature.com/articles/s41586-022-04554-y#Fig3,"Here we assemble an interactive open resource to benchmark brain morphology derived from any current or future sample of MRI data (http://www.brainchart.io/). With the goal of basing these reference charts on the largest and most inclusive dataset available, acknowledging limitations due to known biases of MRI studies relative to the diversity of the global population, we aggregated 123,984 MRI scans, across more than 100 primary studies, from 101,457 human participants between 115 days post-conception to 100 years of age. ",Neurology and Neuroscience
18-1-2026 14:30:39,,Phenomology,https://www.wikiwand.com/en/articles/Phenomenology_(philosophy),"Phenomenology is a philosophical study and movement largely associated with the early 20th century that seeks to objectively investigate the nature of subjective, conscious experience and world-disclosure.[1] It attempts to describe the universal features of consciousness while avoiding assumptions about the external world, aiming to describe phenomena as they appear, and to explore the meaning and significance of lived experience.[2]",Neurology and Neuroscience
18-1-2026 14:38:45,,Central Problem in the Philosophy of Mathematics,https://youtube.com/shorts/-fq6jhILiPw?si=u3pQ2yzn7rWPaY_t,"A clip of Bryan Magee and Hilary Putnam discussing the central problem in the philosophy of mathematics: what mathematics is about and whether it is invented or discovered. This is from a program on the philosophy of science in the 1977 series on Modern Philosophy with Bryan Magee called Men of Ideas. 
",Optie 6
22-1-2026 22:02:23,,Global Consciousness Project x Retropsychokinesis (fourmilab),https://noosphere.princeton.edu/index.html,"When human consciousness becomes coherent, the behavior of random systems may change. Random number generators (RNGs) based on quantum tunneling produce completely unpredictable sequences of zeroes and ones. But when a great event synchronizes the feelings of millions of people, our network of RNGs becomes subtly structured. We calculate one in a trillion odds that the effect is due to chance. The evidence suggests an emerging noosphere or the unifying field of consciousness described by sages in all cultures.


Other links:
https://www.reddit.com/r/occult/comments/1r1vyn/retropsychokinesis_how_to_finally_get_really_good/

https://www.fourmilab.ch/rpkp/",Optie 6
22-1-2026 22:05:42,,Teleology vs. Mechanism,https://www.fourmilab.ch/rpkp/teleology.html,"There is a whole cluster of problems in contemporary philosophy of mind that revolve around the question of explaining human actions. According to one school of thought, represented by miscellaneous materialists, determinists, and behaviourists, human behaviour is no different from anything else in nature in being subject to the same categories of explanation as figure in any of the natural sciences. According to the opposing school of thought, which includes both the ordinary language philosophers as well as assorted teleologists and libertarians, actions can never be explained mechanistically in terms of causes for the simple reason that an action can be defined only in terms of its ends, as represented by the agents intentions, and can therefore never be reduced to any sequence of movements which the agent may or may not execute in the performance of the action. Without an aim or intention, no set of movements could ever amount to an action; conversely, granted the aim or intention there is always an indefinite range of such movements that would exemplify the action in question.",Optie 6
3-2-2026 14:06:15,,Blood transcriptomic signatures associated with molecular changes in the brain and clinical outcomes in Parkinson’s disease,https://www.nature.com/articles/s41467-023-39652-6#Fig1,Seek into the methods for PCA & diff expression,Thesis
6-2-2026 14:42:41,,amyotrophic lateral sclerosis,https://www.cell.com/cell-genomics/pdf/S2666-979X(24)00298-2.pdf,"Repeat expansions in the C9orf72 gene are the most common genetic cause of (ALS) and frontotemporal dementia (FTD). Like other genetic forms of neurodegeneration, pinpointing the precise mechanism(s) by which this mutation leads to neuronal death remains elusive, and this lack of knowledge hampers the development of therapy for C9orf72-related disease. We used an agnostic approach based on genomic data (n = 41,273 ALS and healthy samples, and n = 1,516 C9orf72 carriers) to overcome these bottlenecks. Our drug-repurposing screen, based on gene- and expression-pattern matching and information about the genetic variants influencing onset age among C9orf72 carriers, identified acamprosate, a γ-aminobutyric acid analog, as a potentially repurposable treatment for patients carrying C9orf72 repeat expansions. We validated its neuroprotective effect in cell models and showed comparable efficacy to riluzole, the current standard of care. Our work highlights the potential value of genomics in repurposing drugs in situations where the underlying pathomechanisms are inherently complex.
",Thesis
14-2-2026 23:42:41,,Caffeine and dementia JAMA,https://jamanetwork.com/journals/jama/fullarticle/2844764?guestAccessKey=26244c24-61b6-44b9-b351-089619df4a47&utm_source=linkedin_company&utm_medium=social_jama&utm_term=19567062848&utm_campaign=article_alert&linkId=906342606,,Neurology and Neuroscience
9-3-2026 22:44:38,,Zorevunersen in Children and Adolescents with Dravet Syndrome,https://pubmed.ncbi.nlm.nih.gov/41780062/,"Conclusions: The safety profile and initial clinical improvement support the continued development of zorevunersen as a potential disease-modifying treatment for Dravet syndrome.

",Neurology and Neuroscience
16-3-2026 20:29:45,,Obesity and Cancer,https://jamanetwork.com/journals/jama/fullarticle/2846256,,Optie 6
16-3-2026 21:10:22,,Perry Syndrome,https://www.neurology.org/doi/10.1212/WNL.0000000000203037,AD neurodegenerative disease based on TDP pathology,Neurology and Neuroscience
16-3-2026 23:41:19,,Cortical stimulation study of the role of rhinal cortex in déjà vu and reminiscence of memories,https://www.neurology.org/doi/10.1212/01.WNL.0000137037.56916.3F,This study strongly suggests that experiential symptoms are largely dependent upon functional modification of the physiology of the rhinal cortices.,Neurology and Neuroscience
16-3-2026 23:41:38,,1990: Experiential phenomena of temporal lobe epilepsy. Facts and hypotheses,https://pubmed.ncbi.nlm.nih.gov/2276040/,,Neurology and Neuroscience
17-3-2026 16:36:38,,Lipid alterations in hereditary peripheral neuropathies: common mechanisms in disease heterogeneity?,https://pubmed.ncbi.nlm.nih.gov/41639668/,"Review hpn, cmt…",Neurology and Neuroscience
18-3-2026 18:34:55,,Natural account of consciousness,https://web-archive.southampton.ac.uk/cogprints.org/1813/1/Natural_account_of_CS.htm,,Neurology and Neuroscience
24-3-2026 14:04:25,,Anosmia and Ageusia in Parkinson's Disease,https://pubmed.ncbi.nlm.nih.gov/28802932/,,Neurology and Neuroscience
24-3-2026 14:04:40,,Updated Diagnostic Criteria for Paraneoplastic Neurologic Syndromes,https://www.neurology.org/doi/full/10.1212/NXI.0000000000001014,,Neurology and Neuroscience
12-4-2026 23:37:20,,Brain and psychedelics,https://www.nature.com/articles/s41591-026-04287-9?utm_source=linkedin&utm_medium=organic_social&utm_content=null&utm_campaign=CONR_JRNLS_AWA1_GL_PCOM_SMEDA_NATUREPORTFOLIO,,Neurology and Neuroscience
12-4-2026 23:38:02,,Brain ageing and exposome actoss 34 countries,https://www.nature.com/articles/s41591-026-04302-z,,Neurology and Neuroscience
20-4-2026 23:57:28,,Brain heart interaction,https://www.nature.com/articles/s41582-025-01180-w,,Neurology and Neuroscience
20-4-2026 23:57:48,,Urology and neurology,https://www.nature.com/articles/s41582-025-01181-9?fbclid=IwRlRTSARTgJxleHRuA2FlbQIxMABzcnRjBmFwcF9pZAo2NjI4NTY4Mzc5AAEehYgljW4wjIcM5MtfxYNCmC_X_MhkbQUR8FUDDfvqwMENVUE1h45ghaQUTHw_aem_QX2TZ1b98I_H7HnZhwa9qA,,Neurology and Neuroscience
21-4-2026 23:12:27,,Gut biopsies and predicting neurological disease,https://www.abdn.ac.uk/news/25441/,,Neurology and Neuroscience
2-5-2026 21:26:48,,schizophrenia clock drawing & other test trias,https://jamanetwork.com/journals/jamapsychiatry/fullarticle/2847069?guestAccessKey=39272dc7-6778-4a2d-88be-4868da664376&utm_source=fbpage&utm_medium=social_jamapsyc&utm_term=20089596721&utm_campaign=article_alert&linkId=925761459,READ READ READ READ READ ,Neurology and Neuroscience
6-5-2026 22:53:10,,Precision Antisense Oligonucleotide Therapy Amenability for Infantile Genetic Epilepsies,https://jamanetwork.com/journals/jamaneurology/fullarticle/2848690,,
11-5-2026 22:24:49,,"memory biology, eric kandel",https://www.nobelprize.org/uploads/2018/06/kandel-lecture.pdf,print!,Neurology and Neuroscience
11-5-2026 22:25:06,,ALS NEW MAJOR JAMA REVIEW,https://jamanetwork.com/journals/jama/fullarticle/2848974,,Thesis
30-5-2026 21:22:53,,embryology CNS,https://embryology.med.unsw.edu.au/embryology/index.php?title=Neural_System_Development#Brain_Flexures,,Neurology and Neuroscience
30-5-2026 22:11:46,,Cotard pathophysiology,https://www.wikiwand.com/en/Cotard%27s_syndrome#Pathophysiology,,Neurology and Neuroscience